{
  "Compatibility": "Compatible",
  "Contributors": {
    "Developer": [ "Kuro" ],
    "Manual": [
      "Kuro",
      "TheBigBadBull"
    ]
  },
  "CustomDefuserDifficulty": "Finley",
  "CustomExpertDifficulty": "Breese",
  "DefuserDifficulty": "Easy",
  "ExpertDifficulty": "Medium",
  "Description": "Convert colored morse sequences into colored symbols to progress through 4 stages, then submit a word to free Samuel from the device. Tags: wooden, brown-background, simon, color, screen, 4-buttons",
  "ModuleID": "SamuelSays",
  "MysteryModule": "MustNotBeKey",
  "Name": "Samuel Says",
  "Origin": "Mods",
  "Published": "2023-04-09",
  "SortKey": "SAMUELSAYS",
  "SourceUrl": "https://github.com/TheKuroEver/KTANE-Samuel-Says",
  "SteamID": "??????",
  "Symbol": "Sams",
  "Type": "Regular"
}
